Model,Approach,Threshold,Rejected_Precision,Rejected_Recall,Rejected_F1,Accepted_Precision,Accepted_Recall,Accepted_F1,Macro_F1,Weighted_F1,Accuracy,ROC_AUC
Gradient Boosting,Threshold Optimized,0.6000000000000003,0.5322625311548047,0.5331484049930652,0.5327050997782705,0.7354189592831316,0.7347259305795508,0.7350722815839095,0.63388869068109,0.6619140695492797,0.6618531889290012,
Logistic Regression,Threshold Optimized,0.6000000000000003,0.5268384326355341,0.5445214979195562,0.5355340335561315,0.7371117515209734,0.7231035024344276,0.7300404344723698,0.6327872340142506,0.6597239909000634,0.6585439229843562,
Tuned Logistic Regression,Threshold Optimized,0.6200000000000003,0.5148085721165423,0.5930651872399445,0.5511729827275071,0.7478948272899123,0.6835244228050887,0.7142622681765961,0.6327176254520517,0.6553034962106951,0.6508223024468511,
HistGradientBoosting,Threshold Optimized,0.6000000000000003,0.5323863636363636,0.5198335644937586,0.5260350877192983,0.73171109733416,0.7414795036909062,0.736562914423902,0.6312990010716002,0.6604545294188782,0.6613517849979944,
Random Forest,Threshold Optimized,0.6000000000000003,0.5187466523835029,0.5373092926490984,0.5278648317209429,0.7326066046809875,0.7177634678812628,0.7251090836969457,0.6264869577089442,0.653802873470964,0.6525270758122743,
SMOTE Logistic Regression,SMOTE,0.5,0.49805025996533797,0.6377253814147018,0.5592993553095731,0.7561613144137416,0.6360923511858018,0.6909494156785806,0.6251243854940769,0.6433563082146543,0.6366827115924589,0.6878399305364193
SVM,Threshold Optimized,0.6400000000000003,0.5193120947279392,0.5109570041608876,0.5151006711409396,0.725603112840467,0.7322129731427673,0.7288930581613509,0.6219968646511452,0.6516044946626963,0.6522262334536703,
Tuned Gradient Boosting,Threshold Optimized,0.6200000000000003,0.507759958613554,0.5445214979195562,0.5254985945656538,0.7310841794955781,0.7011151248625727,0.7157860979716187,0.6206423462686363,0.646994837464348,0.6445046129161652,
Tuned Random Forest,Threshold Optimized,0.6200000000000003,0.5086659663865546,0.5373092926490984,0.522595440442466,0.7293964957819598,0.7061410397361395,0.7175804006064959,0.6200879205244809,0.6470909520112965,0.6451062976333735,
SMOTE Gradient Boosting,SMOTE,0.5,0.5706191825171996,0.391123439667129,0.4641211323238973,0.7073723503532863,0.8333595099732998,0.7652148831843092,0.6146680077541032,0.6563658085902673,0.6734857601283594,0.6819988729159348
SMOTE SVM,SMOTE,0.5,0.5189990732159406,0.46601941747572817,0.49108447822274187,0.7141796585003712,0.755457829433014,0.7342390474736682,0.6126617628482051,0.6463356958742308,0.6508223024468511,0.6563080873618674
SMOTE Random Forest,SMOTE,0.5,0.5702370500438981,0.3603328710124827,0.44161142274349824,0.7002859370938394,0.8462384168368148,0.7663750800085343,0.6039932513760162,0.6489690446655283,0.6705776173285198,0.6799314339040566
SMOTE Decision Tree,SMOTE,0.5,0.4960468521229868,0.46990291262135925,0.4826210826210826,0.7085557419551625,0.729700015705984,0.7189724543484989,0.6007967684847908,0.6335285418858698,0.6357801845166466,0.6391039354926266
Logistic Regression,Baseline,0.5,0.6014344262295082,0.32565880721220525,0.42253014216303764,0.6968827930174564,0.8778074446364065,0.7769514144713978,0.5997407783172177,0.6488237884513779,0.6781989570798235,0.6893536301408506
Tuned Logistic Regression,Hyperparameter Tuned,0.5,0.6006339144215531,0.31539528432732317,0.41360494725354674,0.6945166481000123,0.8812627611119837,0.776824034334764,0.5952144907941553,0.6455158906396389,0.6766947452868031,0.6894364949994631
Decision Tree,Threshold Optimized,0.6200000000000003,0.46709549727857497,0.5237170596393897,0.4937884137570289,0.7104553119730186,0.6616931050730328,0.685207774253883,0.5894980940054559,0.6160073335608265,0.6118130766145207,
Gradient Boosting,Baseline,0.5,0.588500563697858,0.2895977808599168,0.3881762409369771,0.6876067333495974,0.8853463169467567,0.7740473738414007,0.5811118073891889,0.6345502384502608,0.6699759326113117,0.6859056765260019
Random Forest,Baseline,0.5,0.5961882072662299,0.27766990291262134,0.3788796366389099,0.6860002411672494,0.8935134286163028,0.77612551159618,0.577502574117545,0.6325162677914309,0.6708784596871239,0.6797902543171307
SVM,Baseline,0.5,0.6109660574412533,0.2596393897364771,0.3644150282265914,0.6837677725118484,0.9063923354798178,0.7794961842371851,0.5719556062318882,0.6294392681302667,0.6725832330525471,0.663358505748804
HistGradientBoosting,Hyperparameter Tuned,0.5,0.6023391812865497,0.2571428571428571,0.3604199066874028,0.6824380410292897,0.9038793780430344,0.7777027027027027,0.5690613046950528,0.6268498667986557,0.670076213397513,0.6827616042932882
Decision Tree,Baseline,0.5,0.4982174688057041,0.310124826629681,0.38228757052487605,0.6781832298136646,0.8231506203863672,0.7436679673643136,0.5629777689445948,0.6130245326865988,0.6376855194544725,0.6189745495530329
Tuned Gradient Boosting,Hyperparameter Tuned,0.5,0.6310461192350956,0.15561719833564494,0.24966622162883845,0.6648684355389188,0.94848437254594,0.781747572815534,0.5157068972221862,0.5893936547421247,0.6618531889290012,0.6727868013968523
Tuned Random Forest,Hyperparameter Tuned,0.5,0.6364846870838882,0.13259361997226074,0.2194674012855831,0.6608827675957054,0.957122663734883,0.7818835001283039,0.5006754507069435,0.5785631996541755,0.659045326915363,0.6722906142913128
