,Rejected_Mean,Accepted_Mean,Absolute_Difference
Age,26.858581414701803,27.29266530548139,0.4340838907795863
CGPA,7.528184743411928,7.63603957907963,0.10785483566770182
Years_of_Experience,3.399084604715673,3.700125647871839,0.3010410431561663
Previous_Companies,1.7809708737864078,1.9209674886131616,0.13999661482675374
Certifications_Count,2.012149791955617,2.010742893042249,-0.0014068989133679821
Technical_Skills_Score,74.69467517337031,77.24596670331397,2.5512915299436543
Soft_Skills_Score,70.21597337031899,72.95610899952882,2.7401356292098313
Skills_Match_Percentage,51.428570873786406,54.71985424846867,3.2912833746822656
Aptitude_Score,76.81229680998612,78.07365069891628,1.2613538889301594
Communication_Score,72.14830624133148,73.99344118109,1.8451349397585233
Interview_Score,72.84250707350901,76.10769467567142,3.2651876021624133
Interview_Rounds,3.2448266296809987,3.247463483587247,0.0026368539062482377
Expected_Salary,844209.9918751733,857227.0079676458,13017.016092472477
Offered_Salary,860241.5654147018,911206.3095259933,50964.74411129148
Career_Growth_Score,73.31171705963939,75.15465054185644,1.842933482217049
Benefits_Score,71.14560332871012,72.48441338149834,1.3388100527882187
Job_Security_Score,72.57039667128987,73.52232762682581,0.9519309555359428
Notice_Period_Days,41.42746185852982,40.11433956337365,-1.3131222951561696
Offer_to_Joining_Days,56.394396671289876,55.11675828490655,-1.2776383863833232
