,Correlation_with_Job_Accepted
Interview_Score,0.17674612690479324
Skills_Match_Percentage,0.16101007886625662
Technical_Skills_Score,0.11476239207442344
Soft_Skills_Score,0.11228999310234072
Communication_Score,0.11226558484736633
Offered_Salary,0.10507022897487342
Career_Growth_Score,0.06949070899881425
CGPA,0.050998564640367144
Years_of_Experience,0.05076804381611183
Aptitude_Score,0.048406481052328074
Age,0.0479872079858057
Benefits_Score,0.04681919900554854
Previous_Companies,0.0431635145240622
Job_Security_Score,0.03853248708775112
Expected_Salary,0.03233197510502749
Notice_Period_Days,-0.02789139653113885
Offer_to_Joining_Days,-0.0253442274696759
Interview_Rounds,0.001529114655325102
Certifications_Count,-0.00048675414318517075
