,Missing_Values,Missing_Percentage,Unique_Values,Data_Type
Candidate_ID,0,0.0,49860,str
Age,0,0.0,120,float64
Gender,0,0.0,3,str
Education_Level,0,0.0,4,str
Degree_Field,0,0.0,9,str
University_Tier,0,0.0,3,str
CGPA,0,0.0,563,float64
Years_of_Experience,0,0.0,151,float64
Previous_Companies,0,0.0,10,float64
Internship_Experience,0,0.0,2,str
Certifications_Count,0,0.0,9,float64
Technical_Skills_Score,0,0.0,692,float64
Soft_Skills_Score,0,0.0,754,float64
Skills_Match_Percentage,0,0.0,741,float64
Aptitude_Score,0,0.0,741,float64
Communication_Score,0,0.0,614,float64
Interview_Score,0,0.0,632,float64
Interview_Rounds,0,0.0,4,int64
Job_Role,0,0.0,8,str
Industry,0,0.0,8,str
Company_Tier,0,0.0,3,str
Company_Size,0,0.0,3,str
Job_Type,0,0.0,3,str
Work_Mode,0,0.0,3,str
Job_Location,0,0.0,7,str
Preferred_Location,0,0.0,7,str
Relocation_Willingness,0,0.0,2,str
Competition_Level,0,0.0,3,str
Expected_Salary,0,0.0,1289,float64
Offered_Salary,0,0.0,1544,float64
Career_Growth_Score,0,0.0,677,float64
Benefits_Score,0,0.0,736,float64
Job_Security_Score,0,0.0,661,float64
Notice_Period_Days,0,0.0,6,int64
Offer_to_Joining_Days,0,0.0,114,int64
Job_Accepted,0,0.0,2,int64
